PLU, Pluton, 0xd8912c10681d8b21fd3742244f44658dba12264e, 18
1ST, FirstBlood, 0xaf30d2a7e90d7dc361c8c4585e9bb7d2f6f15bc7, 18
SNGLS, SingularDTV, 0xaec2e87e0a235266d9c5adc9deb4b2e29b54d009, 0
DGD, Digix DAO, 0xe0b7927c4af23765cb51314a0e0521a9645f0e2a, 9
DCN, Dentacoin, 0x08d32b0da63e2c3bcf8019c9c5d849d7a9d791e6, 0
RLC, iExec, 0x607f4c5bb672230e8672085532f7e901544a7375, 9
TRST, Trustcoin, 0xcb94be6f13a1182e4a4b6140cb7bf2025d28e41b, 6
GNO, Gnosis, 0x6810e776880c02933d47db1b9fc05908e5386b96, 18
WINGS, WINGS, 0x667088b212ce3d06a1b553a7221e1fd19000d9af, 18
TKN, Monolith, 0xaaaf91d9b90df800df4f55c205fd6989c977e73a, 8
HMQ, Humaniq, 0xcbcc0f036ed4788f63fc0fee32873d6a7487b908, 8
ANT, Aragon, 0x960b236a07cf122663c4303350609a66a7b288c0, 18
BAT, Basic Attention Token, 0x0d8775f648430679a709e98d2b0cb6250d2887ef, 18
MYST, Mysterium, 0xa645264c5603e96c3b0b078cdab68733794b0a71, 8
BNT, Bancor, 0x1f573d6fb3f13d689ff844b4ce37794d79a7ff1c, 18
SNT, Status, 0x744d70fdbe2ba4cf95131626614a1763df805b9e, 18
SNM, SONM, 0x983f6d60db79ea8ca4eb9968c6aff8cfa04b3c63, 18
NMR, Numeraire, 0x1776e1f26f98b1a5df9cd347953a26dd3cb46671, 18
PAY, TenX, 0xb97048628db6b661d4c2aa833e95dbe1a905b280, 18
PPT, Populous, 0xd4fa1460f537bb9085d22c7bccb5dd450ef28e3a, 8
FUN, FunFair, 0x419d0d8bdd9af5e606ae2232ed285aff190e711b, 8
ADT, AdToken, 0xd0d6d6c5fe4a677d343cc433536bb717bae167dd, 9
STORJ, StorjToken, 0xb64ef51c888972c908cfacf59b47c1afbc0ab8ac, 8
ADX, AdEx, 0x4470bb87d77b963a013db939be332f927f2b992e, 4
MTL, Metal, 0xf433089366899d83a9f26a773d59ec7ecf30355e, 8
PLR, PILLAR, 0xe3818504c1b32bf1557b16c238b2e01fd3149c17, 18
CVC, Civic, 0x41e5560054824ea6b0732e656e3ad64e20e94e45, 8
IXT, iXledger, 0xfca47962d45adfdfd1ab2d972315db4ce7ccf094, 8
DNT, district0x, 0x0abdace70d3790235af448c88547603b945604ea, 18
ETHOS, Ethos, 0x5af2be193a6abca9c8817001f45744777db30756, 8
STX, Stox, 0x006bea43baa3f7a6f765f14f10a1a1b08334ef45, 18
DENT, DENT, 0x3597bfd533a99c9aa083587b074434e61eb0a258, 8
SAN, SANtiment, 0x7c5a0ce9267ed19b22f8cae653f198e3e8daf098, 18
ZRX, 0x, 0xe41d2489571d322189246dafa5ebde1f4699f498, 18
MCO, crypto.com, 0xb63b606ac810a52cca15e44bb630fd42d8d1d83d, 8
POE, Poet, 0x0e0989b1f9b8a38983c2ba8053269ca62ec9b195, 8
WTT, Cryptonomos, 0x84119cb33e8f590d75c2d6ea4e6b0741a7494eda, 0
SCL, SOCIAL, 0xd7631787b4dcc87b1254cfd1e5ce48e96823dee8, 8
RVT, RvT, 0x3d1ba9be9f66b8ee101911bc36d3fb562eac2244, 18
TNT, Tierion, 0x08f5a9235b08173b7569f83645d2c7fb55e8ccd8, 8
REX, imbrex, 0xf05a9382a4c3f29e2784502754293d88b835109c, 18
MANA, Decentraland, 0x0f5d2fb29fb7d3cfee444a200298f468908cc942, 18
KICK, KickCoin, 0x27695e09149adc738a978e9a678f99e4c39e9eb9, 8
MTH, Monetha, 0xaf4dce16da2877f8c9e00544c93b62ac40631f16, 5
WTC, Walton, 0xb7cb1c96db6b22b0d3d9536e0108d062bd488f74, 18
ELIX, elixir, 0xc8c6a31a4a806d3710a7b38b7b296d2fabccdba8, 18
UMC, UmbrellaCoin, 0x190fb342aa6a15eb82903323ae78066ff8616746, 6
ART, Maecenas, 0xfec0cf7fe078a500abf15f1284958f22049c2c7e, 18
PRO2, Propy, 0x226bb599a12c826476e3a771454697ea52e9e220, 8
HBT, Hubiits, 0xdd6c68bb32462e01705011a4e2ad1a60740f217f, 15
KNC, Kyber, 0xdd974d5c2e2928dea5f71b9825b8b646686bd200, 18
RLX, Relex, 0x4a42d2c580f83dce404acad18dab26db11a1750e, 18
LINK, ChainLink, 0x514910771af9ca656af840dff83e8264ecf986ca, 18
TFT, Travelling, 0x13ea82d5e1a811f55bda9c86fdd6195a6bd23aed, 8
RPL, Rocket Pool, 0xb4efd85c19999d84251304bda99e90b92300bd93, 18
CND, Cindicator, 0xd4c435f5b09f855c3317c8524cb1f586e42795fa, 18
BTM, Bytom, 0xcb97e65f07da24d46bcdd078ebebd7c6e6e3d750, 8
SALT, SALT Lending, 0x4156d3342d5c385a87d264f90653733592000581, 8
HVN, Hive, 0xc0eb85285d83217cd7c891702bcbc0fc401e2d9d, 8
EVX, Everex, 0xf3db5fa2c66b7af3eb0c0b782510816cbe4813b8, 4
ENG, Enigma, 0xf0ee6b27b759c9893ce4f094b49ad28fd15a23e4, 8
AST, AirSwap, 0x27054b13b1b798b345b591a4d22e6562d47ea75a, 4
REQ, Request Network, 0x8f8221afbb33998d8584a2b05749ba73c37a938a, 18
ENJ, EnjinCoin, 0xf629cbd94d3791c9250152bd8dfbdf380e2a3b9c, 18
DATA, Streamr, 0x0cf0ee63788a0849fe5297f3407f701e122cc023, 18
ALIS, ALIS Media, 0xea610b1153477720748dc13ed378003941d84fab, 18
VIB, Viberate, 0x2c974b2d0ba1716e644c1fc59982a89ddd2ff724, 18
RCN, Ripio, 0xf970b8e36e23f7fc3fd752eea86f8be8d83375a6, 18
EDO, Eidoo, 0xced4e93198734ddaff8492d525bd258d49eb388e, 18
BLUE, Ethereum Blue, 0x539efe69bcdd21a83efd9122571a64cc25e0282b, 8
ACC, Accelerator, 0x13f1b7fdfbe1fc66676d56483e21b1ecb40b58e2, 18
ARN, Aeron, 0xba5f11b16b155792cf3b2e6880e8706859a8aeb6, 8
LIFE, LIFE Token, 0xff18dbc487b4c2e3222d115952babfda8ba52f5f, 18
EPY, Emphy, 0x50ee674689d75c0f88e8f83cfe8c4b69e8fd590d, 8
SWM, Swarm Fund Token, 0x9e88613418cf03dca54d6a2cf6ad934a78c7a17a, 18
EXMR, EXMR, 0xc98e0639c6d2ec037a615341c369666b110e80e5, 8
RDN, Raiden, 0x255aa6df07540cb5d3d297f0d0d4d84cb52bc8e6, 18
GRID, Grid+, 0x12b19d3e2ccc14da04fae33e63652ce469b3f2fd, 12
UKG, Unikoin Gold, 0x24692791bc444c5cd0b81e3cbcaba4b04acd1f3b, 18
GVT, Genesis Vision, 0x103c3a209da59d3e7c4a89307e66521e081cfdf0, 18
ASTRO, AstroTokens, 0x7b22938ca841aa392c93dbb7f4c42178e3d65e88, 4
DNA, Gene-Chain Coin, 0x82b0e50478eeafde392d45d1259ed1071b6fda81, 18
COV, Covesting, 0xe2fb6529ef566a080e6d23de0bd351311087d567, 18
LEND, ETHLend, 0x80fb784b7ed66730e8b1dbd9820afd29931aab03, 18
PKT, PlayKey Token, 0x2604fa406be957e542beb89e6754fcde6815e83f, 18
ITT, ITT, 0x0aef06dcccc531e581f0440059e6ffcc206039ee, 8
DRGN, Dragonchain, 0x419c4db4b9e25d6db2ad9691ccb832c8d9fda05e, 18
NIO, Autonio, 0x5554e04e76533e1d14c52f05beef6c9d329e1e30, 0
GET, GUTS, 0x8a854288a5976036a725879164ca3e91d30c6a1b, 18
BNTY, Bounty0x, 0xd2d6158683aee4cc838067727209a0aaf4359de3, 18
CAJ, Cajutel, 0x3c6a7ab47b5f058be0e7c7fe1a4b7925b8aca40e, 18
SPANK, SpankChain, 0x42d6622dece394b54999fbd73d108123806f6a18, 18
BKX, BANKEX, 0x45245bc59219eeaaf6cd3f382e078a461ff9de7b, 18
BLT, Bloom, 0x107c4504cd79c5d2696ea0030a8dd4e92601b82e, 18
EXRN, EXRNchain, 0xe469c4473af82217b30cf17b10bcdb6c8c796e75, 0
WAX, Worldwide Asset eXchange, 0x39bb259f66e1c59d5abef88375979b4d20d98022, 8
AIX, Aigang, 0x1063ce524265d5a3a624f4914acd573dd89ce988, 18
DAI, Maker DAI, 0x89d24a6b4ccb1b6faa2625fe562bdd9a23260359, 18
GIM, Gimli, 0xae4f56f072c34c0a65b3ae3e4db797d831439d93, 8
CAT2, BitClave, 0x1234567461d3f8db7496581774bd869c83d51c93, 18
CAT, BlockCAT, 0x56ba2ee7890461f463f7be02aac3099f6d5811a8, 18
MKR, Maker, 0x9f8f72aa9304c8b593d555f12ef6589cc3a579a2, 18
DMT, DMarket, 0x2ccbff3a042c68716ed2a2cb0c544a9f1d1935e1, 8
TAU, Lamden, 0xc27a2f05fa577a83ba0fdb4c38443c0718356501, 18
CRED, Verify, 0x672a1ad4f667fb18a333af13667aa0af1f5b5bdd, 18
VEE, blockv, 0x340d2bde5eb28c1eed91b2f790723e3b160613b7, 18
UFR, upfiring, 0xea097a2b1db00627b2fa17460ad260c016016977, 18
SXUT, Spectre U-Token, 0x2c82c73d5b34aa015989462b2948cd616a37641f, 18
WABI, WaBi, 0x286bda1413a2df81731d4930ce2f862a35a609fe, 18
APPC, AppCoins, 0x1a7a8bd9106f2b8d977e08582dc7d24c723ab0db, 18
BDG, Bitdegree, 0x1961b3331969ed52770751fc718ef530838b6dee, 18
WAND, WANDX, 0x27f610bf36eca0939093343ac28b1534a721dbb4, 18
LEV, LeverJ, 0x0f4ca92660efad97a9a70cb0fe969c755439772c, 9
REF, RefToken, 0x89303500a7abfb178b274fd89f2469c264951e1f, 8
TEL, Telcoin, 0x85e076361cc813a908ff672f9bad1541474402b2, 2
INS, INS Ecosystem, 0x5b2e4a700dfbc560061e957edec8f6eeeb74a320, 10
NEU, Neumark, 0xa823e6722006afe99e91c30ff5295052fe6b8e32, 18
HQX, Hoqu, 0x1b957dc4aefeed3b4a2351a6a6d5cbfbba0cecfa, 18
POWR, Power Ledger, 0x595832f8fc6bf59c85c527fec3740a1b7a361269, 6
KEY, SelfKey, 0x4cc19356f2d37338b9802aa8e8fc58b0373296e7, 18
PRFT, Proof, 0xc5cea8292e514405967d958c2325106f2f48da77, 18
H2O, Hydrominer, 0xfeed1a53bd53ffe453d265fc6e70dd85f8e993b6, 18
STK, STACK, 0xae73b38d1c9a8b274127ec30160a4927c4d71824, 18
ARY, Blockarray, 0xa5f8fc0921880cb7342368bd128eb8050442b1a1, 18
CRPT, Crypterium, 0x80a7e048f37a50500351c204cb407766fa3bae7f, 18
SAL, SALPay, 0x75c5ee419331b6150879530d06f9ba054755f1da, 18
ELF, Aelf, 0xbf2179859fc6d5bee9bf9158632dc51678a4100e, 18
QSP, Quantstamp, 0x99ea4db9ee77acd40b119bd1dc4e33e1c070b80d, 18
CBT, CommerceBlock, 0x076c97e1c869072ee22f8c91978c99b4bcb02591, 18
INXT, Internxt, 0xa8006c4ca56f24d6836727d106349320db7fef82, 8
PRO, ProChain, 0x9041fe5b3fdea0f5e4afdc17e75180738d877a01, 18
IDXM, IDEX Membership, 0xcc13fc627effd6e35d2d2706ea3c4d7396c610ea, 8
REAL, Real.Markets, 0x9214ec02cb71cba0ada6896b8da260736a67ab10, 18
AGI, Singularity.net, 0x8eb24319393716668d768dcec29356ae9cffe285, 8
MIRO, Mirocana, 0x0168703872fa06741ecaa9dff7803168e83f7ae0, 8
SKR, Skrilla, 0x4c382f8e09615ac86e08ce58266cc227e7d4d913, 6
STORM, Storm Market, 0xd0a4b8946cb52f0661273bfbc6fd0e0c75fc6433, 18
BTO, Bottos, 0x36905fc93280f52362a1cbab151f25dc46742fb5, 18
JNT, Jibrel Network Token, 0xa5fd1a791c4dfcaacc963d4f73c6ae5824149ea7, 18
EQC, Qchain, 0xc438b4c0dfbb1593be6dee03bbd1a84bb3aa6213, 8
SRN, SIRIN LABS, 0x68d57c9a1c35f63e2c83ee8e49a64e9d70528d25, 18
DAT, Datum, 0x81c9151de0c8bafcd325a57e3db5a5df1cebf79c, 18
IDH, INDAHASH COIN, 0x5136c98a80811c3f46bdda8b5c4555cfd9f812f0, 6
LOCI, LOCIcoin, 0x9c23d67aea7b95d80942e3836bcdf7e708a747c2, 18
ESZ, ESZCoin, 0xe8a1df958be379045e2b46a31a98b93a2ecdfded, 18
SETH, Sether, 0x78b039921e84e726eb72e7b1212bb35504c645ca, 18
BCDT, BCDiploma, 0xacfa209fb73bf3dd5bbfb1101b9bc999c49062a5, 18
TTT, Tap Coin, 0x9f599410d207f3d2828a8712e5e543ac2e040382, 18
CXO, CargoX, 0xb6ee9668771a79be7967ee29a63d4184f8097143, 18
WISH, MyWish, 0x1b22c32cd936cb97c28c5690a0695a82abf688e6, 18
EVE, Devery, 0x923108a439c4e8c2315c4f6521e5ce95b44e9b4c, 18
NEXT, NEXT.exchange, 0x4e005a760e00e17c4912a8070eec047cfecbabbb, 18
CV, CarVertical, 0xda6cb58a0d0c01610a29c5a65c303e13e885887c, 18
TRAC, Origin Trail, 0xaa7a9ca87d3694b5755f213b5d04094b8d0f0a6f, 18
QASH, QASH, 0x618e75ac90b12c6049ba3b27f5d5f8651b0037f6, 6
PARETO, Pareto Network, 0xea5f88e54d982cbb0c441cde4e79bc305e5b43bc, 18
IOST, IOS, 0xfa1a856cfa3409cfa145fa4e20eb270df3eb21ab, 18
DTA, DATA, 0x69b148395ce0015c13e36bffbad63f49ef874e03, 18
COFI, CoinFI, 0x3136ef851592acf49ca4c825131e364170fa32b3, 18
CHSB, SwissBorg, 0xba9d4199fab4f26efe3551d490e3821486f135ba, 8
FOTA, Fortuna, 0x4270bb238f6dd8b1c3ca01f96ca65b2647c06d3c, 18
CPC, CPChain, 0xfae4ee59cdd86e3be9e8b90b53aa866327d7c090, 18
ADB, Adbank, 0x2baac9330cf9ac479d819195794d79ad0c7616e3, 18
ING, Iungo, 0x24ddff6d8b8a42d835af3b440de91f3386554aa4, 18
STAR, Starbase, 0xf70a642bd387f94380ffb90451c2c81d4eb82cbc, 18
POLY, Polymath, 0x9992ec3cf6a55b00978cddf2b27bc6882d88d1ec, 18
MTN, MedToken, 0x41dbecc1cdc5517c6f76f6a6e836adbee2754de3, 18
BEE, Bee Token, 0x4d8fc1453a0f359e99c9675954e656d80d996fbf, 18
BLZ, Bluzelle, 0x5732046a883704404f284ce41ffadd5b007fd668, 18
MWAT, RED MWAT, 0x6425c6be902d692ae2db752b3c268afadb099d3b, 18
WPR, WePower Token, 0x4cf488387f035ff08c371515562cba712f9015d4, 18
SIG, Spectiv Signal, 0x6888a16ea9792c15a4dcf2f6c623d055c8ede792, 18
REN, Republic Token, 0x408e41876cccdc0f92210600ef50372656052a38, 18
DADI, DADI, 0xfb2f26f266fb2805a387230f2aa0a331b4d96fba, 18
LHCOIN, LHCoin, 0x0778cc2e8bbad3d483e82371606d100cc8604522, 8
OPT, OPUS, 0x4355fc160f74328f9b383df2ec589bb3dfd82ba0, 18
REM, REMME, 0x83984d6142934bb535793a82adb0a46ef0f66b6d, 4
DXT, DataWallet Token, 0x8db54ca569d3019a2ba126d03c37c44b5ef81ef6, 8
DAN, DAN Token, 0x9b70740e708a083c6ff38df52297020f5dfaa5ee, 10
TKT, CryptoTickets COIN, 0x233cea452c8b2e46f54d3772592edfeb8edbb763, 18
CRC, Crycash, 0xf41e5fbc2f6aac200dd8619e121ce1f05d150077, 18
HKN, HACKEN, 0x9e6b2b11542f2bc52f3029077ace37e8fd838d7f, 8
FSN, Fusion Token, 0xd0352a019e9ab9d757776f532377aaebd36fd541, 18
DTH, Dether, 0x5adc961d6ac3f7062d2ea45fefb8d8167d44b190, 18
X8X, X8X Token, 0x910dfc18d6ea3d6a7124a6f8b5458f281060fa4c, 18
MTRC, ModulTrade, 0x1e49ff77c355a3e38d6651ce8404af0e48c5395f, 18
ITC, IoT Chain, 0x5e6b6d9abad9093fdc861ea1600eba1b355cd940, 18
RFR, Refereum, 0xd0929d411954c47438dc1d871dd6081f5c5e149c, 4
FND, FundRequest, 0x4df47b4969b2911c966506e3592c41389493953b, 18
AUN, Authoreon, 0x5b7093fe2491dfb058c94bcd62a1cd4d822f884c, 18
NTK, NeuroToken, 0x69beab403438253f13b6e92db91f7fb849258263, 18
GEM, Gems, 0xc7bba5b765581efb2cdd2679db5bea9ee79b201f, 18
CS, CREDITS, 0x46b9ad944d1059450da1163511069c718f699d31, 6
DRG, DRAGON, 0x814f67fa286f7572b041d041b1d99b432c9155ee, 8
NGC, NAGA, 0x72dd4b6bd852a3aa172be4d6c5a6dbec588cf131, 18
MNTP, Goldmint, 0x83cee9e086a77e492ee0bb93c2b0437ad6fdeccc, 18
LION, CoinLion, 0x2167fb82309cf76513e83b25123f8b0559d6b48f, 18
LIF, Lif, 0xeb9951021698b42e4399f9cbb6267aa35f82d59d, 18
FKX, KnoxsterToken, 0x009e864923b49263c7f10d19b7f8ab7a9a5aad33, 18
STQ, Storiqa, 0x5c3a228510d246b78a3765c20221cbf3082b44a4, 18
UTK, UTRUST, 0x70a72833d6bf7f508c8224ce59ea1ef3d0ea3a38, 18
PRIX, Privatix, 0x3adfc4999f77d04c8341bac5f3a76f58dff5b37a, 8
SENT, Sentinel, 0xa44e5137293e855b1b7bc7e2c6f8cd796ffcb037, 8
EXY, Experty, 0x5c743a35e903f6c584514ec617acee0611cf44f3, 18
XNK, Ink Protocol, 0xbc86727e770de68b1060c91f6bb6945c73e10388, 18
DOCK, Dock Token, 0xe5dada80aa6477e85d09747f2842f7993d0df71c, 18
FT, Fabric Token, 0x78a73b6cbc5d183ce56e786f6e905cadec63547b, 18
FDZ, Friendz Coin, 0x23352036e911a22cfc692b5e2e196692658aded9, 18
SCT, Soma Community Token, 0x63b992e6246d88f07fc35a056d2c365e6d441a3d, 18
LALA, LALA, 0xfd107b473ab90e8fbd89872144a3dc92c40fa8c9, 18
ELEC, ElectrifyAsia, 0xd49ff13661451313ca1553fd6954bd1d9b6e02b9, 18
NCT, Nectar, 0x9e46a38f5daabe8683e10793b06749eef7d733d1, 18
LNC, Lancer Token, 0x63e634330a20150dbb61b15648bc73855d6ccf07, 18
J8T, JET8 Token, 0x0d262e5dc4a06a0f1c90ce79c7a60c09dfc884e4, 8
BANCA, BANCA Token, 0x998b3b82bc9dba173990be7afb772788b5acb8bd, 18
SENSE, SENSE, 0x6745fab6801e376cd24f03572b9c9b0d4edddccf, 8
SHIP, ShipChain, 0xe25b0bba01dc5630312b6a21927e578061a13f55, 18
TFD, TE-FOOD, 0xe5f166c0d8872b68790061317bb6cca04582c912, 18
AMB, Amber Token, 0x4dc3643dbc642b72c158e7f3d2ff232df61cb6ce, 18
BAX, BABB, 0x9a0242b7a33dacbe40edb927834f96eb39f8fbcb, 18
NPX, NapoleonX, 0x28b5e12cce51f15594b0b91d5b5adaa70f684a02, 2
VST, Vestarin, 0x552ed8253f341fb770e8badff5a0e0ee2fd57b43, 18
LOC, LockChain, 0x5e3346444010135322268a4630d2ed5f8d09446c, 18
BMH, BlockMesh, 0xf03045a4c8077e38f3b8e2ed33b8aee69edf869f, 18
NCASH, Nucleus Vision, 0x809826cceab68c387726af962713b64cb5cb3cca, 18
IGNX, Ignite, 0xafd8f91c4d7c2e3240f4154a1c596048035eb63c, 18
AMN, Amon, 0x737f98ac8ca59f2c68ad658e3c3d8c8963e40a4c, 18
YUP, Crowdholding, 0xd9a12cde03a86e800496469858de8581d3a5353d, 18
SENC, Sentinel Chain, 0xa13f0743951b4f6e3e3aa039f682e17279f52bc3, 18
LST, Lendroid, 0x4de2573e27e648607b50e1cfff921a33e4a34405, 18
BUBO, Bubo, 0xccbf21ba6ef00802ab06637896b799f7101f54a2, 18
ABX, ABX Token, 0x9a794dc1939f1d78fa48613b89b8f9d0a20da00e, 18
SKRP, Skraps, 0xfdfe8b7ab6cf1bd1e3d14538ef40686296c42052, 18
LOOM, Loom, 0xa4e8c3ec456107ea67d3075bf9e3df3a75823db0, 18
CCO, Ccore Token, 0x679badc551626e01b23ceecefbc9b877ea18fc46, 18
DAXT, BlockEx, 0x61725f3db4004afe014745b21dab1e1677cc328b, 18
BBC, B2B Coin, 0xe7d3e4413e29ae35b0893140f4500965c74365e5, 18
FSBT, FSBT Tech, 0x1ed7ae1f0e2fa4276dd7ddc786334a3df81d50c0, 18
BBN, Banyan, 0x35a69642857083ba2f30bfab735dacc7f0bac969, 18
ANN, Agent Not Needed, 0xe0e73e8fc3a0fa161695be1d75e1bc3e558957c4, 18
XBP, BlitzPredict, 0x28dee01d53fed0edf5f6e310bf8ef9311513ae40, 18
SEN, Consensus Token, 0xd53370acf66044910bb49cbcfe8f3cd020337f60, 18
CAPP, Cappasity, 0x04f2e7221fdb1b52a68169b25793e51478ff0329, 2
IPSX, IP Exchange, 0x001f0aa5da15585e5b2305dbab2bac425ea71007, 18
VIEW, Viewly, 0xf03f8d65bafa598611c3495124093c56e8f638f0, 18
OCN, OCoin, 0x4092678e4e78230f46a1534c0fbc8fa39780892b, 18
DROP, Dropil, 0x4672bad527107471cb5067a887f4656d585a8a31, 18
VIT, Vice Industry Token, 0x23b75bc7aaf28e2d6628c3f424b3882f8f072a3c, 18
ADH, ADHIVE, 0xe69a353b3152dd7b706ff7dd40fe1d18b7802d31, 18
XDCE, XDCE, 0x41ab1b6fcbb2fa9dced81acbdec13ea6315f2bf2, 18
BERRY, Rentberry, 0x6aeb95f06cda84ca345c2de0f3b7f96923a44f4c, 14
MTC, Medical Token Currency, 0x905e337c6c8645263d3521205aa37bf4d034e745, 18
NAVI, Navi Token, 0x588047365df5ba589f923604aac23d673555c623, 18
MRK, Mark Space, 0xf453b5b9d4e0b5c62ffb256bb2378cc2bc8e8a89, 8
GBX, Globitex Token, 0x12fcd6463e66974cf7bbc24ffc4d40d6be458283, 8
LCD, Lucyd, 0x9a4059c1cf329a017e0ee1337c503137fd9463b2, 18
MFG, SyncFab, 0x6710c63432a2de02954fc0f851db07146a6c0312, 18
ADI, Aditus, 0x8810c63470d38639954c6b41aac545848c46484a, 18
CMS, COMSA, 0xf83301c5cd1ccbb86f466a6b3c53316ed2f8465a, 6
SMT3, Sun Money Token, 0xc761c8dc05ae52a8a785665e528ddbb00c098ad1, 18
ORI, Origami Network, 0xd2fa8f92ea72abb35dbd6deca57173d22db2ba49, 18
MITX, Morpheus Labs Token, 0x4a527d8fc13c5203ab24ba0944f4cb14658d1db6, 18
LND, LendingBlock, 0x0947b0e6d821378805c9598291385ce7c791a6b2, 18
AUC, Auctus Token, 0xc12d099be31567add4e4e4d0d45691c3f58f5663, 18
IVY, IvyKoin, 0xa4ea687a2a7f29cf2dc66b39c68e4411c0d00c49, 18
GET2, Themis network, 0x60c68a87be1e8a84144b543aacfa77199cd3d024, 18
UQC, Uquid Coin, 0xd01db73e047855efb414e6202098c4be4cd2423b, 18
ABYSS, ABYSS, 0x0e8d6b471e332f140e7d9dbb99e5e3822f728da6, 18
PAR, Parachute, 0x1beef31946fbbb40b877a72e4ae04a8d1a5cee06, 18
FTX, FintruX Network, 0xd559f20296ff4895da39b5bd9add54b442596a61, 18
ABT, ArcBlock, 0xb98d4c97425d9908e66e53a6fdf673acca0be986, 18
CEL, Celsius, 0xaaaebe6fe48e54f431b0c390cfaf0b017d09d42d, 4
NODE, NODE, 0xac956c72c262e5405a84dac655d5f3bea7ae9534, 2
IHT, I HOUSE TOKEN, 0xeda8b016efa8b1161208cf041cd86972eee0f31e, 18
VLD, VETRI, 0x922ac473a3cc241fd3a0049ed14536452d58d73c, 18
SS, Sharder Chain, 0xbbff862d906e348e9946bfb2132ecb157da3d4b4, 18
HBZ, Helbiz, 0xe34e1944e776f39b9252790a0527ebda647ae668, 18
SKCH, Skychain Global Token, 0x70c621f949b6556c4545707a2d5d73a776b98359, 6
ZCO, Zebi Coin, 0x2008e3057bd734e10ad13c9eae45ff132abc1722, 8
SHPING, SHPING, 0x7c84e62859d0715eb77d1b1c4154ecd6abb21bec, 18
HOT, HoloToken, 0x6c6ee5e31d828de241282b9606c8e98ea48526e2, 18
DML, DecentralizedML, 0xbcdfe338d55c061c084d81fd793ded00a27f226d, 18
APIS, APIS, 0x4c0fbe1bb46612915e7967d2c3213cd4d87257ad, 18
NBAI, Nebula AI Token, 0x17f8afb63dfcdcc90ebe6e84f060cc306a98257d, 18
XES, PROXEUS, 0xa017ac5fac5941f95010b12570b812c974469c2c, 18
GEN, DAOstack, 0x543ff227f64aa17ea132bf9886cab5db55dcaddf, 18
KRL, Kryll, 0x464ebe77c293e473b48cfe96ddcf88fcf7bfdac0, 18
TUSD, True USD, 0x8dd5fbce2f6a956c3022ba3663759011dd51e73e, 18
BZNT, Bezant, 0xe1aee98495365fc179699c1bb3e761fa716bee62, 18
WZI, Wizzle Infinity Token, 0xb8327f32127afe37a544c52b628653e222a93bad, 18
XTRD, XTRD, 0x9c794f933b4dd8b49031a79b0f924d68bef43992, 18
TKA, Tokia Token, 0xdae1baf249964bc4b6ac98c3122f0e3e785fd279, 18
UBT, Unibright, 0x8400d94a5cb0fa0d041a3788e395285d61c9ee5e, 8
EXRT, EXRT, 0xb20043f149817bff5322f1b928e89abfc65a9925, 8
CNN, CNN Token, 0x8713d26637cf49e1b6b4a7ce57106aabc9325343, 18
POA20, POA Network, 0x6758b7d441a9739b98552b373703d8d3d14f9e62, 18
SNTR, SilentNotary, 0x2859021ee7f2cb10162e67f33af2d22764b31aff, 4
FXT, Fuzex, 0x1829aa045e21e0d59580024a951db48096e01782, 18
BBK, Brickblock Token, 0x4a6058666cf1057eac3cd3a5a614620547559fc9, 18
WYS, wys Token, 0xd8950fdeaa10304b7a7fd03a2fc66bc39f3c711a, 18
SGN, Signals Network Token, 0xb2135ab9695a7678dd590b1a996cb0f37bcb0718, 9
CLN, Colu Local Network, 0x4162178b78d6985480a308b2190ee5517460406d, 18
LBA, Libra Credit, 0xfe5f141bf94fe84bc28ded0ab966c16b17490657, 18
CEDEX, CEDEX Token, 0xf4065e4477e91c177ded71a7a6fb5ee07dc46bc9, 18
HER, HeroNode Token, 0x491c9a23db85623eed455a8efdd6aba9b911c5df, 18
ELI, EligmaToken, 0xc7c03b8a3fc5719066e185ea616e87b88eba44a3, 18
SNOV, Snovio, 0xbdc5bac39dbe132b1e030e898ae3830017d7d969, 18
HYDRO, HYDRO, 0xebbdf302c940c6bfd49c6b165f457fdb324649bc, 18
IPL, InsurePal, 0x64cdf819d3e75ac8ec217b3496d7ce167be42e80, 18
FACE, Faceter Token, 0x1ccaa0f2a7210d76e1fdec740d5f323e2e1b1672, 18
LUC, Play2live, 0x5dbe296f97b23c4a6aa6183d73e574d02ba5c719, 18
TTV, Token for Television, 0xa838be6e4b760e6061d4732d6b9f11bf578f9a76, 18
XYO, XY Oracle, 0x55296f69f40ea6d20e478533c15a6b08b654e758, 18
BTT, Blocktrade, 0xfa456cf55250a839088b27ee32a424d7dacb54ff, 18
BBO, Bigbom, 0x84f7c44b6fed1080f647e354d552595be2cc602f, 18
PRYZ, Pryze, 0x6b834f43b7f5a1644e0c81caa0246969da23105e, 18
DTRC, Datarius Credit, 0xc20464e0c373486d2b3335576e83a218b1618a5e, 18
IOTX, IoTeX Network, 0x6fb3e0a217407efff7ca062d46c26e5d60a14d69, 18
RTE, Rate3, 0x436f0f3a982074c4a05084485d421466a994fe53, 18
ETK, EnergiToken, 0x3c4a3ffd813a107febd57b2f01bc344264d90fde, 2
SEELE, Seele, 0xb1eef147028e9f480dbc5ccaa3277d417d1b85f0, 18
IND, Indorse, 0xf8e386eda857484f5a12e4b5daa9984e06e73705, 18
OMX, Omix, 0xb5dbc6d3cf380079df3b27135664b6bcf45d1869, 8
WEB, Webcoin, 0x840fe75abfadc0f2d54037829571b2782e919ce4, 18
IQN, IQeon, 0x0db8d8b76bc361bacbb72e2c491e06085a97ab31, 18
XCD, Capdax, 0xca00bc15f67ebea4b20dfaaa847cace113cc5501, 18
EDR, Endor Protocol Token, 0xc528c28fec0a90c083328bc45f587ee215760a0f, 18
PI, PCHAIN, 0xb9bb08ab7e9fa0a1356bd4a39ec0ca267e03b0b3, 18
BETEX, BETEX, 0xbd270f9a96ed49a1c82055a22ad9b8eec564097f, 18
VME, VeriME, 0xc343f099d3e41aa5c1b59470450e21e92e2d840b, 18
ECOM, Omnitude, 0x171d750d42d661b62c277a6b486adb82348c3eca, 18
MRP, MoneyRebel, 0x21f0f0fd3141ee9e11b3d7f13a1028cd515f459c, 18
BKRX, BlockRx Digital Token, 0x3cf9e0c385a5abec9fd2a71790aa344c4e8e3570, 18
CEEK, CEEK, 0xb056c38f6b7dc4064367403e26424cd2c60655e1, 18
ICNQ, Iconiq Lab Token, 0xb3e2cb7cccfe139f8ff84013823bf22da6b6390a, 18
COU, Couchain, 0xf091cf09c51811819db705710e9634b8bf18f164, 18
ZCN, 0chain, 0xb9ef770b6a5e12e45983c5d80545258aa38f3b78, 10
BIT, Bitrewards, 0x47da42696a866cdc61a4c809a515500a242909c1, 18
0XBTC, 0xBitcoin, 0xb6ed7644c69416d67b522e20bc294a9a9b405b31, 8
QKC, QuarkChain Token, 0xea26c4ac16d4a5a106820bc8aee85fd0b7b2b664, 18
BITCAR, BitCar, 0x08b4c866ae9d1be56a06e0c302054b4ffe067b43, 8
LAN, FreelancerCoin, 0x64ff248ddd36430e3640fbea76999941a8bccbd7, 18
MVL, Mass Vehicle Ledger, 0xa849eaae994fb86afa73382e9bd88c2b6b18dc71, 18
METM, MetaMorph, 0xfef3884b603c33ef8ed4183346e093a173c94da6, 18
GMR, GIMMER, 0x9b8d5f3402f74c7a61d9f09c32d3ca07b45c1466, 18
PCO, Pecunio, 0xf5b815344641412401d8e868790dbd125e6761ca, 8
OMG, OmiseGO, 0xd26114cd6ee289accf82350c8d8487fedb8a0c07, 18
FMF, Formosa Financial, 0xb4d0fdfc8497aef97d3c2892ae682ee06064a2bc, 18
WT, WeToken, 0xaae81c0194d6459f320b70ca0cedf88e11a242ce, 18
CUZ, Cool Cousin, 0xf832484f0c9f6b7cd5c945488899035467508a5d, 18
MYB, MyBit, 0x5d60d8d7ef6d37e16ebabc324de3be57f135e0bc, 18
RMESH, RightMesh, 0x8d5682941ce456900b12d47ac06a88b47c764ce1, 18
CBC, CashBetCoin, 0x26db5439f651caf491a87d48799da81f191bdb6b, 8
OWN, OwnData, 0x170b275ced089fffaebfe927f445a350ed9160dc, 8
CFTY, Crafty, 0x6956983f8b3ce173b4ab84361aa0ad52f38d936f, 8
SPN, Sapien Network, 0x20f7a3ddf244dc9299975b4da1c39f8d5d75f05a, 6
HOLD, HOLD, 0xd6e1401a079922469e9b965cb090ea6ff64c6839, 18
WBT, Whalesburg Token, 0xe2ee1ac57b2e5564522b2de064a47b3f98b0e9c9, 18
MOT, Mount Olympus Token, 0x263c618480dbe35c300d8d5ecda19bbb986acaed, 18
ATMI, Atonomi, 0x97aeb5066e1a590e868b511457beb6fe99d329f5, 18
MVP, Merculet, 0x8a77e40936bbc27e80e9a3f526368c967869c86d, 18
000, Not a real coin, 0xadc46ff5434910bd17b24ffb429e585223287d7f, 8
KYT, Keyrpto Token, 0x532843f66375d5257ea34f723c6c2723ccf7b7a2, 18
UPP, Sentinel Protocol, 0xc86d054809623432210c107af2e3f619dcfbf652, 18
SNX, Synthetix Network, 0xc011a72400e58ecd99ee497cf89e3775d4bd732f, 18
DGX, Digix Gold, 0x4f3afec4e5a3f2a6a1a411def7d7dfe50ee057bf, 9
PST, Primas, 0x5d4abc77b8405ad177d8ac6682d584ecbfd46cec, 18
TEN, TOKENOMY, 0xdd16ec0f66e54d453e6756713e533355989040e4, 18
AUTO, CUBE, 0x622dffcc4e83c64ba959530a5a5580687a57581b, 18
THRT, Thrive, 0x4f27053f32eda8af84956437bc00e5ffa7003287, 18
TGAME, Truegame, 0xf8e06e4e4a80287fdca5b02dccecaa9d0954840f, 18
LIKE, LikeCoin, 0x02f61fd266da6e8b102d4121f5ce7b992640cf98, 18
DAG, Constellation, 0xa8258abc8f2811dd48eccd209db68f25e3e34667, 8
LCK, LuckCash, 0x82adce3b6a226f9286af99841410b04a075b54d5, 18
PMA, PumaPay, 0x846c66cf71c43f80403b51fe3906b3599d63336f, 18
ZINC, Zinc, 0x4aac461c86abfa71e9d00d9a2cde8d74e4e1aeea, 18
DAV, DAV Network, 0xd82df0abd3f51425eb15ef7580fda55727875f14, 18
OLT, OneLedger, 0x64a60493d888728cf42616e034a0dfeae38efcf0, 18
MEDX, MediBloc, 0xfd1e80508f243e64ce234ea88a5fd2827c71d4b7, 8
VITE, VITE, 0x1b793e49237758dbd8b752afc9eb4b329d5da016, 18
MET, Metronome, 0xa3d58c4e56fedcae3a7c43a725aee9a71f0ece4e, 18
QNT, Quant, 0x4a220e6096b25eadb88358cb44068a3248254675, 18
C8, Carboneum, 0xd42debe4edc92bd5a3fbb4243e1eccf6d63a4a5d, 18
DIW, DIW Token, 0xa253be28580ae23548a4182d95bf8201c28369a8, 18
TTC, TTC Protocol, 0x9389434852b94bbad4c8afed5b7bdbc5ff0c2275, 18
BOB, Bobs Repair, 0xdf347911910b6c9a4286ba8e2ee5ea4a39eb2134, 18
EGT, Egretia, 0x8e1b448ec7adfc7fa35fc2e885678bd323176e34, 18
ELY, Elysian, 0xa95592dcffa3c080b4b40e459c5f5692f67db7f8, 18
PITCH, PITCH, 0x87f56ee356b434187105b40f96b230f5283c0ab4, 9
MRPH, Morpheus Network, 0x7b0c06043468469967dba22d1af33d77d44056c8, 4
AIC, Akaiito, 0x7ca936344d234034cf6936472d6bedbe8ae6667f, 18
BST, Blocksquare Token, 0x509a38b7a1cc0dcd83aa9d06214663d9ec7c7f4a, 18
GOT, GoToken, 0x423b5f62b328d0d6d44870f4eee316befa0b2df5, 18
VAI, VIOLET, 0xd4078bdb652610ad5383a747d130cbe905911102, 18
MFT, Mainframe, 0xdf2c7238198ad8b389666574f2d8bc411a4b7428, 18
ZXC, 0xcert Protocol, 0x83e2be8d114f9661221384b3a50d24b96a5653f5, 18
ESS, ESSENTIA, 0xfc05987bd2be489accf0f509e44b0145d68240f7, 18
BITX, BitScreenerToken, 0xff2b3353c3015e9f1fbf95b9bda23f58aa7ce007, 18
REP, Augur, 0x1985365e9f78359a9b6ad760e32412f4a445e862, 18
ZIPT, Zippie, 0xedd7c94fd7b4971b916d15067bc454b9e1bad980, 18
EBC, EBCoin, 0x31f3d9d1bece0c033ff78fa6da60a6048f3e13c5, 18
BOX, ContentBox Token, 0x63f584fa56e60e4d0fe8802b27c7e6e3b33e007f, 18
PNK, Kleros, 0x93ed3fbe21207ec2e8f2d3c3de6e058cb73bc04d, 18
R, Revain, 0x48f775efbe4f5ece6e0df2f7b5932df56823b990, 0
NCC, NeuroChain, 0x5d48f293baed247a2d0189058ba37aa238bd4725, 18
HYB, Hybrid Block, 0x6059f55751603ead7dc6d280ad83a7b33d837c90, 18
ALTX, Alttex, 0xb1ed41dc1fe9b723a31137afdd1201d17917fe91, 8
INCX, InternationalCryptoX, 0xa984a92731c088f1ea4d53b71a2565a399f7d8d5, 18
AXPR, aXpire, 0xc39e626a04c5971d770e319760d7926502975e47, 18
GARD, Hashgard, 0x5c64031c62061865e5fd0f53d3cdaef80f72e99d, 18
SEAL, Seal Network, 0xd7b3669c7d3e38ab5a441383d41f25e003e02148, 18
VIKKY, Vikky, 0xd2946be786f35c3cc402c29b323647abda799071, 8
SNR, Sonder, 0x47d1a59cbdd19aee060c859c0009277e245328ae, 18
DACC, DACC, 0xf8c595d070d104377f58715ce2e6c93e49a87f3c, 6
SAT, Satisfaction Token, 0x92736b3bff1bbd72a72478d78f18a6ab9b68b791, 18
CONTRACTIUM, CTU, 0x943aca8ed65fbf188a7d369cfc2bee0ae435ee1b, 18
PDX, PDX, 0x5f33d158ca7275848f70a3f149b421190df85b32, 18
T2T, Traceto, 0xe6824483e279d967ea6f8472ace7585862fa1185, 18
NTK2, Netkoin, 0x5d4d57cd06fa7fe99e26fdc481b468f77f05073c, 18
SET, Swytch Energy, 0xfa75b65e52a6cbc5503f45f4abba2c5df4688875, 18
PKG, PKG Token, 0x02f2d4a04e6e01ace88bd2cd632875543b2ef577, 18
ACAD, Academy, 0x1efc4dfd580df95426a0f04848870bd8cb5a338e, 18
XD, Data Transaction Token, 0x24dcc881e7dd730546834452f21872d5cb4b5293, 18
ONG, onG.social, 0xd341d1680eeee3255b8c4c75bcce7eb57f144dae, 18
EMTV, Multiversum, 0x07a7ed332c595b53a317afcee50733af571475e7, 18
BNC, Bionic, 0xef51c9377feb29856e61625caf9390bd0b67ea18, 8
MFTU, MFTU, 0x05d412ce18f24040bb3fa45cf2c69e506586d8e8, 18
ROX, Robotina, 0x574f84108a98c575794f75483d801d1d5dc861a5, 18
DX, DXChain, 0x973e52691176d36453868d9d86572788d27041a9, 18
IG, IG, 0x8a88f04e0c905054d2f33b26bb3a46d7091a039a, 18
AVINOC, AVINOC, 0xf1ca9cb74685755965c7458528a36934df52a3ef, 18
VXV, Vectorspace AI, 0x7d29a64504629172a429e64183d6673b9dacbfce, 18
TALAO, TALAO, 0x1d4ccc31dab6ea20f461d329a0562c1c58412515, 18
KIND, Kind Ads, 0x4618519de4c304f3444ffa7f812dddc2971cc688, 8
SVD, savedroid, 0xbdeb4b83251fb146687fa19d1c660f99411eefe3, 18
BNN, BrokerNekoNetwork, 0xda80b20038bdf968c7307bb5907a469482cf6251, 8
FTT, Farmatrust, 0x2aec18c5500f21359ce1bea5dc1777344df4c0dc, 18
ABL, Airbloc, 0xf8b358b3397a8ea5464f8cc753645d42e14b79ea, 18
ABLX, ABLE, 0x865bfd8232778f00cae81315bf75ef1fe6e30cdd, 18
BEAT, BEAT, 0x2fb12bccf6f5dd338b76be784a93ade072425690, 18
CDT, Blox, 0x177d39ac676ed1c67a2b268ad7f1e58826e5b0af, 18
OIO, online.io, 0xa3efef1a1e3d1ad72b9d0f4253e7c9c084c2c08b, 18
MUXE, MUXE, 0x515669d308f887fd83a471c7764f5d084886d34d, 18
DIP, Etherisc, 0xc719d010b63e5bbf2c0551872cd5316ed26acd83, 18
FTEC, FTEC, 0x6bec54e4fea5d541fb14de96993b8e11d81159b2, 18
UBEX, UBEX, 0x6704b673c70de9bf74c8fba4b4bd748f0e2190e1, 18
CST, CryptosolarTech, 0xbb49a51ee5a66ca3a8cbe529379ba44ba67e6771, 18
HAND, SHOWHAND, 0x48c1b2f3efa85fbafb2ab951bf4ba860a08cdbb7, 0
GENE, GeneSourceCodeChain, 0x884181554dfa9e578d36379919c05c25dc4a15bb, 18
FTXT, FUTURAX, 0x41875c2332b0877cdfaa699b641402b7d4642c32, 8
UUU, UNetworkToken, 0x3543638ed4a9006e4840b105944271bcea15605d, 18
DIT, Inmediate, 0xf14922001a2fb8541a433905437ae954419c2439, 8
BKU, Blocktek University, 0x60b5aa3334185d72eed79ac5ffc9870e98f502eb, 18
TILE, Loomia Tile, 0x25f735b108b4273fb0aceb87599ed8bba10065de, 18
UBC, Ubcoin, 0x2d3e7d4870a51b918919e7b851fe19983e4c38d5, 18
SKYFT, SKYFchain, 0x5dd0815a4cf119ad91ba045bbbf879f3f7de3c68, 18
USE, UseChain Token, 0xd9485499499d66b175cf5ed54c0a19f1a6bcb61a, 18
KIT, KitToken, 0x080eb7238031f97ff011e273d6cad5ad0c2de532, 18
ARCONA, ARCONA, 0x0f71b8de197a1c84d31de0f1fa7926c365f052b3, 18
SURE, Surety Token, 0x95382ac82e886a367bac9e1e23beabe569bcfed8, 6
TIP, TIP, 0x59ae863232238a8bd7953bdfc1b4796f8e9a5b4e, 18
HAVY, Havy, 0x7c2e5b7ec572199d3841f6a38f7d4868bd0798f1, 8
EEE, Elementh token, 0x4c567c3363cc42c5a42c6d8bf01503fd1d0b91cd, 18
CARD, Cardstack, 0x954b890704693af242613edef1b603825afcd708, 18
NPXS, Pundi X, 0xa15c7ebe1f07caf6bff097d8a589fb8ac49ae5b3, 18
EDN, EdenCoin, 0x05860d453c7974cbf46508c06cba14e211c629ce, 18
IHF, Invictus Hyperion, 0xaf1250fa68d7decd34fd75de8742bc03b29bd58e, 18
3DES, 3DES Token, 0x115e7b7ecdd9792d6995cb426b2ef4d6119682a7, 18
UBBEY, UBBEY, 0x6cb1c2b61e24ad08bf5fff4d2b13ea987d211a88, 18
TBE, TowerBee, 0xb3c61539af156438951ea6cd48756d22a48fce62, 18
UCN, UChain Token, 0xaaf37055188feee4869de63464937e683d61b2a1, 18
MAS, Midas Protocol, 0x23ccc43365d9dd3882eab88f43d515208f832430, 18
DEC, Darico Ecosystem Coin, 0x89c6c856a6db3e46107163d0cda7a7ff211bd655, 18
TXN, Traxion, 0xaaf099a16cb37dfdaffc1a169f6e99f41aaaf75c, 18
USDC, USD//Coin, 0xa0b86991c6218b36c1d19d4a2e9eb0ce3606eb48, 6
BIO, BioCrypt, 0xf18432ef894ef4b2a5726f933718f5a8cf9ff831, 8
S, Sharpay, 0x96b0bf939d9460095c15251f71fda11e41dcbddb, 18
TOL, Tolar , 0xd07d9fe2d2cc067015e2b4917d24933804f42cfa, 18
ODEM, ODEM, 0xbf52f2ab39e26e0951d2a02b49b7702abe30406a, 18
XMOO, MOO Token, 0x221535cbced4c264e53373d81b73c29d010832a5, 18
MTCN, Multicoin, 0xf6117cc92d7247f605f11d4c942f0feda3399cb5, 18
PEP, Peptoken, 0xbb0ef9e617faddf54b8d16e29046f72b4d3ec77f, 18
UAC, Ubiatar Coin, 0x4297a285db467eb779fcc45f69a169bd8dccd0e9, 18
ONE, Menlo Token, 0x4d807509aece24c0fa5a102b6a3b059ec6e14392, 18
ALT, Alt.Estate Token, 0x419b8ed155180a8c9c64145e76dad49c0a4efb97, 18
JSE, JSECOIN, 0x2d184014b5658c453443aa87c8e9c4d57285620b, 18
AMO, AMO Coin, 0x38c87aa89b2b8cd9b95b736e1fa7b612ea972169, 18
TYPE, Typerium, 0xeaf61fc150cd5c3bea75744e830d916e60ea5a9f, 4
VOCO, VOCO, 0xb5ca46cf1da09248126682a7bd72401fd7a6b151, 18
FTM, Fantom, 0x4e15361fd6b4bb609fa63c81a2be19d873717870, 18
LQD, Liquid, 0xd29f0b5b3f50b07fe9a9511f7d86f4f4bac3f8c4, 18
PSK, Pool of Stake Token, 0x1c5f43710a1776b0ea7191b7ead75d4b98d69858, 18
POR, Proof of Review Token, 0x08c507046e12cd1538741d067d28411f2b922062, 18
WORK, Aworker Token, 0xa686514faf7d54289266f483d1e4852c99e13ec7, 8
VIU, Viuly Token, 0x464baddce9bd32581a7d59d9bb8350c7c7764668, 18
COIN, Coinvest, 0xeb547ed1d8a3ff1461abaa7f0022fed4836e00a4, 18
PEG, Peg Network Token, 0x8ae56a6850a7cbeac3c3ab2cb311e7620167eac8, 18
WCT, Wealth Chain Token, 0xff2ce8a8589e5de40ecb564604714025f3d1819d, 18
REDC, RedCab, 0xb563300a3bac79fc09b93b6f84ce0d4465a2ac27, 18
TVND, TrueVND, 0x3dc0501c32bee0cc1e629d590302a4b909797474, 18
ZEON, ZEON, 0xe5b826ca2ca02f09c1725e9bd98d9a8874c30532, 18
HEAL, Etheal Token, 0x6bd26bb09c992e09d2156b48f723e56e52eead9c, 18
AWC, Atomic Wallet Token, 0xad22f63404f7305e4713ccbd4f296f34770513f4, 8
MBT, Metabase, 0x599c49b932f08707888791a9b55949e385a00aeb, 18
KWH, KWHCoin, 0xb8ddc930c2bab6c71610a2be639036e829f9c10b, 18
FOAM, FOAM Token, 0x4946fcea7c692606e8908002e55a582af44ac121, 18
MXC, MXC Token, 0x5ca381bbfb58f0092df149bd3d243b08b9a8386e, 18
LPT, LivePeer Token, 0x58b6a8a3302369daec383334672404ee733ab239, 18
CMCT, Crowd Machine Compute Token, 0x47bc01597798dcd7506dcca36ac4302fc93a8cfb, 8
FXP, FXPay, 0x14ddda446688b73161aa1382f4e4343353af6fc8, 8
EXO, EXOLOVER, 0xe58e751aba3b9406367b5f3cbc39c2fa9b519789, 18
ECHT, ECHAT TOKEN, 0x1a2277c83930b7a64c3e3d5544eaa8c4f946b1b7, 18
KAT, Kambria Token, 0xa858bc1b71a895ee83b92f149616f9b3f6afa0fb, 18
TDP, TrueDeck, 0x5b11aacb6bddb9ffab908fdce739bf4aed554327, 18
TDT, Trident, 0x4eea6844a4dc5bf3127decf034b3f4a7211ef2e7, 18
DBLK, DataOnBlock, 0x526ccc90191a9472299323816bd2c784c0a1bcde, 18
UTS, Utemis, 0x979ebc09e55ea0ab563cf7175e4c4b1a03afc19a, 18
BOUNCY, BouncyCoinToken, 0xe9f9547c17fc9539df99a42dcb6ec38165994c45, 18
ATF, AgroTechFarm, 0x014e42ae89b24738591e2f695e1ef6d95bd38619, 18
GMB, GAMB, 0xa0008f510fe9ee696e7e320c9e5cbf61e27791ee, 18
HBX, Hyperbridge Token, 0x2793a23341012e0970cf478bab08606b56504c3e, 18
LIQUID, Netkoin Liquid, 0xac2385e183d9301dd5e2bb08da932cbf9800dc9c, 18
XCHF, CryptoFranc, 0xb4272071ecadd69d933adcd19ca99fe80664fc08, 18
BNFT, Benefits Coin, 0xda2c424fc98c741c2d4ef2f42897cefed897ca75, 9
NKN, NKN, 0x5cf04716ba20127f1e2297addcf4b5035000c9eb, 18
TVNT, TravelNote, 0x5635ddeabf9cdda686995fe90beb5411831563fc, 8
COVA, Covalent Token, 0xb37a769b37224449d92aac57de379e1267cd3b00, 18
LTO, LTO Network Token, 0x3db6ba6ab6f95efed1a6e794cad492faaabf294d, 8
FRECNX, FreldoCoinX, 0xd8b8e1eca89da014e67fdbc2014eaa8e171079bf, 18
STASH, BitStash, 0x965f109d31ccb77005858defae0ebaf7b4381652, 18
FOXT, Fox Trading, 0xfbe878ced08132bd8396988671b450793c44bc12, 18
EVR, Everus, 0x3137619705b5fc22a3048989f983905e456b59ab, 8
WBTC, Bitcoin, 0x2260fac5e5542a773aa44fbcfedf7c193bc2c599, 8
XLG, Ledgerium, 0x598c9a4f069dc076984868873c01e78a905d50e6, 8
BETHER, Bethereum, 0x14c926f2290044b647e1bf2072e67b495eff1905, 18
SPRING, Spring Token, 0xfb0bdc444c8ae7e9b5beea5e4d1e8de93879e487, 18
ZCC, ZeroCarbon, 0x6737fe98389ffb356f64ebb726aa1a92390d94fb, 18
WMB, WatermelonBloc Tokens, 0x7a18919f0b05fa5e91f3ef43afe8a72105c9d4b8, 6
CCC, Container Crypto Coin, 0x9e3359f862b6c7f5c660cfd6d1aa6909b1d9504d, 18
VNT, Vanta Token, 0xdcc27bbaa14cafd8a6aeb847e1b01c5dffb70935, 18
COT, CoTrader, 0x5c872500c00565505f3624ab435c222e558e9ff8, 18
HXRO, Hxro, 0x4bd70556ae3f8a6ec6c4080a0c327b24325438f3, 18
PFR, PayFair Token, 0xb41422d5a1d5d5c73c229686935b40f881502785, 8
INNBCL, InnovativeBioresearchClassic, 0x8cc3e2bdc17682c622eb789eda23fbd6988c84da, 10
BIRD, BirdCoin, 0x026e62dded1a6ad07d93d39f96b9eabd59665e0d, 18
FXC, Flexacoin, 0x4a57e687b9126435a9b19e4a802113e266adebde, 18
UGAS, UltrainGas, 0x8716fc5da009d3a208f0178b637a50f4ef42400f, 18
ARR, ARROUND, 0xcb089b8ae76b5df461d40e957603f7a59aea9e0d, 18
NRP, Neural Protocol, 0x3918c42f14f2eb1168365f911f63e540e5a306b5, 8
PLA, PlayChip, 0x0198f46f520f33cd4329bd4be380a25a90536cd5, 18
IMT, Money Token, 0x13119e34e140097a507b07a5564bde1bc375d9e6, 18
CCN, CustomContractNetwork, 0x17b26400621695c2d8c2d8869f6259e82d7544c4, 18
FET, Fetch, 0x1d287cc25dad7ccaf76a26bc660c5f7c8e2a05bd, 18
TASH, TripCash, 0x002f06abe6995fd0ea4be011c53bfc989fa53ce0, 18
WBBC, Wibcoin, 0x195a179bbfe539bb8a485d944ac60d3a0329f0ec, 18
DAGT, DAGT, 0x56d1ae30c97288da4b58bc39f026091778e4e316, 18
IMPCN, IMPERIVMCoin, 0x1d2aee5eaf5e4352965b710293513a5ad99796ff, 6
PCL, Peculium, 0x0f02e27745e3b6e9e1310d19469e2b5d7b5ec99a, 8
HUDDL, Huddl, 0x5137a403dd25e48de528912a4af62881e625d801, 18
ANKR, Ankr Network, 0x8290333cef9e6d528dd5618fb97a76f268f3edd4, 18
LED, Terrawatt, 0x93c9291523cb95c0eb0bc379b0483f4d7fc05072, 18
VIDT, V-ID Token, 0x445f51299ef3307dbd75036dd896565f5b4bf7a5, 18
SHK, Shook, 0xebe4a49df7885d015329c919bf43e6460a858f1e, 18
MESG, MESG, 0x420167d87d35c3a249b32ef6225872fbd9ab85d2, 18
PMNT, Paymon, 0x81b4d08645da11374a03749ab170836e4e539767, 9
UND, United Network Distribution, 0xbe6ac6b50f577205c9d107f37b6e205aa6acc5d4, 18
CRO, Crypto.com Chain, 0xa0b73e1ff0b80914ab6fe0444e65848c4c34450b, 8
BEZ, Bezop, 0x8a1e3930fde1f151471c368fdbb39f3f63a65b55, 18
AERGO, AERGO, 0xae31b85bfe62747d0836b82608b4830361a3d37a, 18
BTMX, BitMax Token, 0x1c289a12a8552b314d0d153d6991fd27a54aa640, 18
USDS, StableUSD, 0xa4bdb11dc0a2bec88d24a3aa1e6bb17201112ebe, 6
PAX, Paxos Standard Token, 0x8e870d67f660d95d5be530380d0ec0bd388289e1, 18
CSP, Caspian, 0xa6446d655a0c34bc4f05042ee88170d056cbaf45, 18
ZAP, ZAP, 0x6781a0f84c7e9e846dcb84a9a5bd49333067b104, 18
CYFM, CYBERFM, 0x3f06b5d78406cd97bdf10f5c420b241d32759c80, 18
W12, W12.io, 0xbf799a2f71d020a4a8c10e7406e2bf970b3d734b, 18
UDOO, Howdoo, 0x0df721639ca2f7ff0e1f618b918a65ffb199ac4e, 18
TGBP, TrueGBP, 0x00000000441378008ea67f4284a57932b1c000a5, 18
NFC, NoFakeCoin, 0xb0866289e870d2efc282406cf4123df6e5bcb652, 18
WETC, WETC, 0x86aabcc646f290b9fc9bd05ce17c3858d1511da1, 18
WHEN, WHEN Token, 0xf4fe95603881d0e07954fd7605e0e9a916e42c44, 18
BLOC, Blockcloud, 0x6f919d67967a97ea36195a2346d9244e60fe0ddb, 18
LIT, LITION, 0x763fa6806e1acf68130d2d0f0df754c93cc546b2, 18
HGO, HireGo, 0xaaa89105dab822dbc9a6de64a23d045d99d5fd36, 18
BUD, BUDDY, 0x57652fc91f522f9eff0b38cdf1d51f5fb5764215, 18
MOVI, MoviToken, 0x06f979e4f04ec565ae8d7479a94c60def8846832, 6
SNTVT, Sentivate, 0x7865af71cf0b288b4e7f654f4f7851eb46a2b7f8, 18
XBASE, Eterbase Coin, 0x4d13d624a87baa278733c068a174412afa9ca6c8, 18
NOW, ChangeNOW, 0xe9a95d175a5f4c9369f3b74222402eb1b837693b, 8
CUSD, Carbon, 0x1410d4ec3d276c0ebbf16ccbe88a4383ae734ed0, 18
ORBS, Orbs, 0xff56cc6b1e6ded347aa0b7676c85ab0b3d08b0fa, 18
RC20, RoboCalls, 0x61b2d3ea9f1c6b387c985c73d40e8fbfb284e5c7, 18
AER, Aeryus Token, 0xac4d22e40bf0b8ef4750a99ed4e935b99a42685e, 18
ORME, Ormeus Coin, 0xc96df921009b790dffca412375251ed1a2b75c60, 8
MATIC, Matic Token, 0x7d1afa7b718fb893db30a3abc0cfc608aacfebb0, 18
RC, ReceiptCoin, 0xd6e49800decb64c0e195f791348c1e87a5864fd7, 9
ZNT, Zenswap Network Token, 0x4fa000df40c06fc8c7d9179661535846b7cd4f87, 18
IDEX, IDEX Token, 0xb705268213d593b8fd88d3fdeff93aff5cbdcfae, 18
EURS, STASIS EURS, 0xdb25f211ab05b1c97d595516f45794528a807ad8, 2
MBL, MovieBloc, 0xb879da8b24c9b8685de8526cf492e954f165d74b, 18
CRE, Carry Token, 0x115ec79f1de567ec68b7ae7eda501b406626478e, 18
RSR, Reserve Rights, 0x8762db106b2c2a0bccb3a80d1ed41273552616e8, 18
SSN, SuperSkyNet, 0xa5b46ff9a887180c8fb2d97146398ddfc5fef1cd, 18
BQQQ, BITSDAQ, 0x1b80eeeadcc590f305945bcc258cfa770bbe1890, 18
SMT, Smathium, 0x4b4787aace23eb70da046bcc0ccfe28d4e4fb899, 18
XNS, Xeonbit Token, 0x79c71d3436f39ce382d0f58f1b011d88100b9d91, 18
CHR, CHROMA, 0x915044526758533dfb918eceb6e44bc21632060d, 6
STPT, Standard Tokenization Protocol, 0xde7d85157d9714eadf595045cc12ca4a5f3e2adb, 18
VNC, Vincoin Cash, 0xdf413690fb785e56895551cc21086a15b6e90386, 8
JAR, Jarvis+ Coins, 0xa249de6948022783765fee4850d7b85e43118fcc, 18
AQU, Aquest Token, 0x7756edf05ef3c2b321a85d77b5cbf7c8a9a7c247, 18
CHZ, chiliZ, 0x3506424f91fd33084466f402d5d97f05f8e3b4af, 18
ESH, Switch, 0xdf329603bd378021698f9833cd5205b52f9e370e, 18
EQUAD, Quadrant Protocol, 0xc28e931814725bbeb9e670676fabbcb694fe7df2, 18
TFB, TrueFeedBack, 0x79cdfa04e3c4eb58c4f49dae78b322e5b0d38788, 18
COTI, COTI Token, 0xddb3422497e61e13543bea06989c0789117555c5, 18
XCT, xCrypt Token, 0xd2bb16cf38ca086cab5128d5c25de9477ebd596b, 18
URAC, Uranus, 0xff8be4b22cedc440591dcb1e641eb2a0dd9d25a5, 18
ENK, Enkronos Token, 0x92b914f1ddcbb1d117a718e83c9ed7eb32fc44d1, 18
EUULA, Uulala, 0x26de40bffafe73ff4e37089b2c71e35fd02eb1a7, 2
POLL, ClearPoll, 0x705ee96c1c160842c92c1aecfcffccc9c412e3d9, 18
LGO, LGO Token, 0x0a50c93c762fdd6e56d86215c24aaad43ab629aa, 8
1UP, Uptrennd, 0x07597255910a51509ca469568b048f2597e72504, 18